url	https://gitee.com/zhangxin8069/configure/tree/main/bin
ref_kind	branch
ref	main
ref_object	ad8623b6355eddd932abe4d1e8be3170321731bc
commit	ad8623b6355eddd932abe4d1e8be3170321731bc
path	bin
mode	type	object	size	path	local
100644	blob	2eb04915c5bf780f1217a20bbb1eb438bbf126da	80	bin/.gitignore	included
100644	blob	3a80a55fa3aece8026d88fef83e8975c5d009913	22921	bin/AGENTS.md	included
100755	blob	09bf37a759738345dd3af481fac99857a5582abf	6068	bin/aaclock.sh	included
100755	blob	e07a337be5101f4af56a0fe02f8ab745d30b3846	340	bin/aaliyundrive.bat	included
100755	blob	51777f5bdb65a3e5757738170e4c684cc1fbe88a	480	bin/aaliyundrive.sh	included
100644	blob	554807d450296fbcc039c4070e7389cee3dff7fe	10640	bin/agent-config.json	included
100644	blob	86ef122eb820b1b140d1cb0b1787070dae5e6a11	7851	bin/agent-custom.json.refer	included
100755	blob	da9b186db54c138f4381978e21630e5feadbd664	9033	bin/agent-dispatch.sh	included
100755	blob	659fb45ed4bd336ad3156bfd5ad0f114fe5c5959	4085	bin/agent-dispatch.test.sh	included
100755	blob	7fc516c7e27912862af220b19797b10bf6e7f64b	29361	bin/agent-model-catalog.py	included
100644	blob	d304f8486b72a691c6dbb68f7c9ef6e7655d81d8	8144	bin/agent-prompt.txt	included
100755	blob	8e5391d57196ba3a217e480b9c9f8560d26697b7	25416	bin/agent-protocol-bridge.py	included
100755	blob	0874ee2f49fce76ce1c0b37dfd357ac3a0a9db54	8636	bin/agent-protocol-bridge.test.py	included
100644	blob	1a9591f0337022b9abab21aa10a9f3a60fec7941	149830	bin/agent-runtime.ps1	included
100755	blob	60c7cf6daa419c1c8a427ce505cdb00c660cb173	33577	bin/agent-runtime.sh	included
100755	blob	a2013538c435b92bb06c1061971a3840c443892d	5806	bin/agent-status.sh	included
100644	blob	a35649220bde9b7cde3405638796bcd05a5e2762	7050	bin/agent-statusline.ps1	included
100755	blob	4875358ba5344df834fa63477da069f6e2a45a15	7619	bin/agent-statusline.sh	included
100755	blob	df527047ea5d973ae36b2cece392fba51acd34d3	9265	bin/agent-windows.test.sh	included
100755	blob	08f91eb7398077f269090c1e52ba932fffac25a9	1896	bin/agent.bat	included
100755	blob	2b0bcb78b0ab1023c2b7d305367bcde59a2023fb	126546	bin/agent.sh	included
100755	blob	8951982dec0f3d55ad0df4b24b89a38051ca0af7	86534	bin/agent.test.sh	included
100755	blob	72d2916cc8595341c648a9d3ace66a44afac132d	455	bin/apt_install.sh	included
100755	blob	6b7973f75d567457f07b4375a95f564349b52274	509	bin/apt_up.sh	included
100755	blob	6e1585ecef192e707021db3080885c985da7fbe4	298	bin/bbilibili.bat	included
100755	blob	1545bc40b09175772da93eb6cbaa39953cc512cf	421	bin/bbilibili.sh	included
100755	blob	c6a11102faa475a0359633f666875dc1aa4bab48	2699	bin/ccloudmusic.bat	included
100755	blob	73f83b1bc69384eb44a78cfcaed0f6edb5bc2e4f	4236	bin/ccloudmusic.ps1	included
100755	blob	a8413d6e154960a3b85460239c950f726aa8f2ea	6916	bin/ccloudmusic.sh	included
120000	blob	c4144881d782f317d4cb044ed615967b2adca672	18	bin/ccodex-prompt.txt	included
120000	blob	a8ad122a547e160c67d0dee07949d9f12df8486f	8	bin/cl	included
120000	blob	8bef288c7634eff173216a72a4b60dd306e7fc10	9	bin/cl.bat	included
120000	blob	a8ad122a547e160c67d0dee07949d9f12df8486f	8	bin/cls	included
120000	blob	a8ad122a547e160c67d0dee07949d9f12df8486f	8	bin/co	included
120000	blob	8bef288c7634eff173216a72a4b60dd306e7fc10	9	bin/co.bat	included
120000	blob	88c163bdb9c26b3d7289cc54de77c8f3ea9bf62b	11	bin/conservative.sh	included
120000	blob	a8ad122a547e160c67d0dee07949d9f12df8486f	8	bin/cos	included
100755	blob	5d1758791cb591e4a31fcaffa8fd2db219d7b5e0	5153	bin/cp-small.sh	included
100755	blob	4d5d877c147d0a567ae4cf1465ccdbe30a11e866	1509	bin/cpupower.sh	included
100755	blob	416599b877afa7af041049adef713b02bd39c7b8	332	bin/ddeepseek.bat	included
100755	blob	212381be729e5eb0c3cf0c217820fe73723aa5d4	479	bin/ddeepseek.sh	included
100755	blob	455ce36da81be36e50d55e2eed83e830509ebb42	5112	bin/ddocker.bat	included
100755	blob	6a258af21020aa6966d247b4f629e6461c59ae00	10385	bin/ddocker.ps1	included
100755	blob	15445fbb3d6f349036e9792acc9005b15ec89335	5599	bin/ddocker.sh	included
100755	blob	f463a4d337818e14b2fa689d752e1390293aa669	524	bin/ddu.sh	included
100755	blob	e3f50f96d33f3e70540e9062b2ff95d9ffbef5cf	779	bin/dgtag.sh	included
100755	blob	4b438b2ae6f9ada7223bd60812c75c088506f7b2	2585	bin/gadd-ignore.sh	included
100755	blob	95f4e71604af97395609a2e7e818b027ca3501bd	4674	bin/gback.sh	included
100755	blob	ba9c883a96a6695cf5cb6dd731c150905dec5a2c	353	bin/ggitee.bat	included
100755	blob	0a5b87755e81f86e6d5126a9d2d5627cdf76a875	490	bin/ggitee.sh	included
100755	blob	54a9a8b0799f458af98f71f8804da96ccf00295e	3613	bin/git_init.sh	included
100755	blob	120091c4e6558d9b4b3ee63616e9687c216c3605	463	bin/gls.sh	included
100755	blob	5ffbb8bb8a1e03ce2ce08b28773fbbf16160c8ec	710	bin/gpull.sh	included
100755	blob	244e81bac6c00809d4d65dfc223bf83b78662cc5	922	bin/gpush.sh	included
100755	blob	acdbd47c50bd3aacd546c440e448e73d217a65c4	2619	bin/grm-cache.sh	included
100755	blob	9667b6f08dd8b0d2e8bbf17130a795675841bb46	515	bin/gzALLpush.sh	included
100755	blob	ba1ab3df8ff0675230c4b0136431739406194340	442	bin/gzCONFIGUREpush.sh	included
100755	blob	52e96804047060df83912f404c5de8b77d9b3ae9	450	bin/gzMyQCDpush.sh	included
100755	blob	8f55bfbf298ffed79bdcda40fbf9768fc204e57d	450	bin/gzPYQCUpush.sh	included
100755	blob	d7241569fa72befd6b1197b1995db510fb7c3c75	450	bin/gzPyQCDpush.sh	included
100755	blob	515932bc36a90e3c5f2aafc64b9548f0985fd972	434	bin/llog.sh	included
100755	blob	3aec18d2b8b6889135c37a30c44c9cdefda5031c	5354	bin/mv-small.sh	included
120000	blob	88c163bdb9c26b3d7289cc54de77c8f3ea9bf62b	11	bin/ondemand.sh	included
120000	blob	c4144881d782f317d4cb044ed615967b2adca672	18	bin/oopencode-prompt.txt	included
100755	blob	c3ec09de1e5bdcf1ed9b224e5ee2ab88d42fd186	430	bin/oopencode-usage.bat	included
100755	blob	0b6be7806d9b8d3479361875b9ca433ac907b359	1120	bin/oopencode-usage.sh	included
120000	blob	a8ad122a547e160c67d0dee07949d9f12df8486f	8	bin/op	included
120000	blob	8bef288c7634eff173216a72a4b60dd306e7fc10	9	bin/op.bat	included
120000	blob	a8ad122a547e160c67d0dee07949d9f12df8486f	8	bin/ops	included
120000	blob	88c163bdb9c26b3d7289cc54de77c8f3ea9bf62b	11	bin/performance.sh	included
100755	blob	157153696a63f72d33053885dee87af67879e911	447	bin/pip_install.sh	included
100755	blob	31cc11e998b756fa3a4261e63aae501239b85156	440	bin/poweroff.sh	included
120000	blob	88c163bdb9c26b3d7289cc54de77c8f3ea9bf62b	11	bin/powersave.sh	included
100755	blob	ff8c569e862bf0d63e68c3cf06bc249dc99f8b41	428	bin/ppower.sh	included
100755	blob	9a3847c1cf7d6499f2f49385f525c53fcd8bb782	429	bin/reboot.sh	included
100755	blob	aa0af023447115ecdf34beea81e474266ab70b55	3838	bin/save-env.sh	included
100755	blob	aa003551dc8a48e20dcf4583afcf24f821bdd81f	914	bin/save-env.test.sh	included
100755	blob	ab982870ef9a11766b504930e6dc53f54e9ff0a4	4658	bin/sh_init.sh	included
100755	blob	4bf1a6e74c05f377f4dd45fd35ccdab270276ab2	520	bin/ssjtu.sh	included
100755	blob	75f97a76417004a57f67bdf1a816b0a091202779	8460	bin/ssnake.sh	included
100755	blob	0aaacef45ab94b90a7920561963039fce72b94dc	286	bin/ssnsc.bat	included
100755	blob	79186b34abf776893dc3906c2ad5e51dfdd9cd55	435	bin/ssnsc.sh	included
100755	blob	0fcd313d6aa4108b5e3c1fb842b88b05f96f61b9	421	bin/ssqueue.sh	included
100755	blob	06fbe7ea07a4ae934db882580b6b81422e526d8d	573	bin/ssrun.sh	included
100755	blob	f8600dd83cc134d5ac2fd86727ae74d886f3b52b	445	bin/sstop.sh	included
100755	blob	25ae25fdd34a66a0b46c536a2bedf48052b0d381	938	bin/ssub.sh	included
100755	blob	01c07aa0d6a829a3c275aefef07209a4c4d0cf3c	614	bin/swap.sh	included
100755	blob	360ba96b6d37e093532f9af56aebdc85e2eef902	20255	bin/ttetris.sh	included
100755	blob	787b040ef7a7eb6ed629e7a1f79cc1dfdb5cb476	5667	bin/vim_init.sh	included
100755	blob	4e25c7ded1cab30e7ce3f82969ccf6a95e2802b2	621	bin/vscode_unset.sh	included
100755	blob	46065f4da22117caae80c7d4e92a3beeb7e55cd2	442	bin/wwa.sh	included
100755	blob	24f34e213aa039ecc0236d66b546ecdb8593ec87	4797	bin/xx99.sh	included
100755	blob	4c8569415478c5a452cd0884df33cde1b7c71f52	834	bin/xxattr.sh	included
100755	blob	55ab23846cbb8ae7c3e650a22d144acc9ce6493a	437	bin/z2048.sh	included
100755	blob	e61984f69df93a60f748c5c542cfa1786e9bb1ec	464	bin/zasciiquarium.sh	included
100755	blob	3cd24a0016dd1c91f2b839dd9bdb8a502e8a190a	26077	bin/zerotier_init.sh	included
100755	blob	81502e64ccffd9bc7eb21b4e1c356e3faf5f42ae	1423	bin/zgALLpull.sh	included
100755	blob	639e4c3a700264a501ce927ea99fca9f980a2ba4	457	bin/zgCONFIGUREpull.sh	included
100755	blob	7f1032aad67e5dfe18b033e4e6529783bdfe33cf	465	bin/zgMyQCDpull.sh	included
100755	blob	e90df0bcd1a512749d57a08b3a5face78bf38052	465	bin/zgPYQCUpull.sh	included
100755	blob	5e6ee29c450ffd447b05dc1a705fcdffac66fa7f	465	bin/zgPyQCDpull.sh	included
100755	blob	de855c36c0513767e83a4b64ccc0a2fba68ed04f	433	bin/zhello.sh	included
100755	blob	6073e48eca6c5d125e446d977456f211a06fdc99	412	bin/zipython.sh	included
100755	blob	d45b58dcca8a35eb2512bf733464e239d3a9277a	464	bin/zjulab.sh	included
100755	blob	c59e8e1c4c5e0aa5dcbd38011a7c891b718e3ddd	454	bin/zlog.sh	included
100755	blob	99303b26c0fd02a5a63056fd9253035e7b83d6c4	2495	bin/zsearch.sh	included
100755	blob	8319d0ba2608b7a82f52a5d3e1d09ee813c5af45	420	bin/zsqueue.sh	included
